OLD_CODE;NEW_CODE
mr_654k_32_300;pnevmaticheskiy_pistolet_makarova_mr_654k_32_300_seriya
mr_512_40;pnevmaticheskaya_vintovka_mr_512_40
mr_654k_bel;pnevmaticheskiy_pistolet_mr_654k_belyy_korpus_belyy_zatvor_obnovlyennaya_rukoyatka
um-w-lg-300;pnevmaticheskaya_vintovka_umarex_walther_lg_300_anatomic
c-r8-cf1k77np;crosman_fury_r8_cf1k77np
c-v-8-cvw1k77np;crosman_venom_8_cvw1k77np
cros-bp1763;crosman_bp1763_benjamin_marauder
cros-disc;crosman_bp1k77gp_discovery_s_nasosom
c-m4-177;crosman_m4_177
c-o-r8-c01k77x;crosman_optimus_r8_c01k77x
cros-v-np;crosman_vantage_np_rw1k77x2
mr_654k_kmf;pnevmaticheskiy_pistolet_makarova_mr_654k_kmf
mr_655k;pnevmaticheskiy_pistolet_mr_655k
mr_654k_20;pnevmaticheskie_pistolety_mr_654k_20
mr_672;pnevmaticheskie_pistolet_mr_672
mp_651-kc;pnevmaticheskiy_pistolet_mp_651kc
mr_651_07_ks;pnevmaticheskiy_pistolet_mr_651_07_ks_s_ruchkoy
mr_651_20_ks;pnevmaticheskiy_pistolet_mr_651_20_ks_s_nasadkoy_pp
mr_661k-dr;pnevmaticheskiy_pistolet_drozd_mr_661k
mr-661-ks-02;pnevmaticheskiy-pistolet-mr-661-ks-02-drozd-
mr-661-k-08;pnevmaticheskiy-pistolet-mr-661k-08-drozd-bunkernyy-
izh_46m;pnevmaticheskiy_pistolet_izh_46m
yunker_401_kor;pnevmaticheskiy_avtomat_yunker_4_isp_01_korotkiy
mr_512_22;pnevmaticheskaya_vintovka_mr_512_22
mr_512s_00;vintovka_pnevmaticheskaya_mr_512s_00
mr_512_26_der;vintovka_pnevmaticheskaya_mr_512_26_derevo
izh_61;vintovka_pnevmaticheskaya_izh_61
alf-9-pls;alfamax_mod_9_pls
mr_514k;pnevmaticheskaya_vintovka_mr_514k
unker_407_dlin;pnevmaticheskiy_avtomat_yunker_4_isp_07_dlinnyy
air_arm_s410_long;pnevmaticheskaya_vintovka_air_arms_s_410_long
atam-435-rb;pnevmaticheskaya_vintovka_bull_pap_ataman_m2r_zelyenyy
air_arm_s410_xtra;pnevmaticheskaya_vintovka_air_arms_s_410_xtra_hi_power_fac
atam-225-rb;pnevmaticheskaya_vintovka_taktik_ataman_m2r_chernyy
atam-335-rb;pnevmaticheskaya_vintovka_taktik_ataman_m2r_zelyenyy
fx-mon-der;pnevmaticheskaya_vintovka_fx_monsoon_derevo
sm-r5;pnevmaticheskaya_vintovka_smersh_r5
fx-roy-400;pnevmaticheskaya_vintovka_fx_royale_400_plastik
sm-r7;pnevmaticheskaya_vintovka_smersh_r7
fx-mon-syn;pnevmaticheskaya_vintovka_fx_monsoon_syntetic_plastik
synxs;pnevmaticheskaya_vintovka_synxs
b4_cust;pnevmaticheskaya_vintovka_b4_cust
b2_cust;pnevmaticheskaya_vintovka_b2_cust
fx-roya-400;pnevmaticheskaya_vintovka_fx_royale_400_derevo
sm-r8;pnevmaticheskaya_vintovka_smersh_r8
fx-t-12-hp-ma;pnevmaticheskaya_vintovka_fx_t_12_hp_match
smk_15;pnevmaticheskaya_vintovka_smk_15
syntarg;pnevmaticheskaya_vintovka_syntarg
fx-typ-hp;pnevmaticheskaya_vintovka_fx_typhoon_hp_match_plastik
air_arm_ev2_mk4;pnevmaticheskaya_vintovka_air_arms_ev2_mk4
fx-ver;pnevmaticheskaya_vintovka_fx_verminator
sm-r9;pnevmaticheskaya_vintovka_smersh_r9
sm-r-10;pnevmaticheskaya_vintovka_smersh_r10
gamo-cfx;gamo_cfx
g-hun-440;gamo_hunter_440
g-h-1250;gamo_hunter_1250
alf-16-der;alfamax_mod_16_der
g-cfx-roy;gamo_cfx_royal
g-sh-rsv;gamo_shadow_rsv
g-max;gamo_maxima
alfa-17-pls;alfamax_mod_17_pls
alf-7-pls;alfamax_mod_7_pls
alf-17-mw;alfamax_mod_17_mw
alfa-14-pls;alfamax_mod_14_pls
alfa-14-camo;alfamax_mod_14_camo
alfa-14-mw;alfamax_mod_14_mw
g-vip-ske;gamo_viper_skeet
g-whi-x;gamo_whisper_x
g-sh-sp;gamo_shadow_sport
g-vip-des;gamo_viper_desert
g-vip-max;gamo_viper_max
g-del-fox;gamo_delta_fox
g-del-max;gamo_delta_max
np-8-bt1k77snp;crosman_trail_np_8_bt1k77snp_camo
ga-610;gamo_610
g-sha-1000;gamo_shadow_1000
g-sh-mat;gamo_shadow_matic
g-sh-si;gamo_shadow_csi
g-cf-20;gamo_cf_20
g-cf-30;gamo_cf_30
g-hun-440-c;gamo_hunter_440_combo
u-850-air;pnevmaticheskaya_vintovka_umarex_850_air_magnum_hunter
um-850-air;pnevmaticheskaya_vintovka_umarex_850_air_magnum_target_kit
um-850-xt;pnevmaticheskaya_vintovka_umarex_850_air_magnum_xt
um-ru-haw;pnevmaticheskaya_vintovka_umarex_ruger_air_hawk_elite
u-w-1250;pnevmaticheskaya_vintovka_umarex_walther_1250_dominator
u-w-eve-act;pnevmaticheskaya_vintovka_umarex_walther_lever_action
uma-h-f-900;pnevmaticheskaya_vintovka_umarex_hammerli_hunter_force_900_combo
h-at44-10;hatsan_at44_10
h-125;hatsan_125
h-55s;hatsan_55s
h-70-tr;hatsan_70_tr
h-85;hatsan_85
h-90-tr;hatsan_90_tr
h-t-105x;hatsan_torpedo_105x
h-125-th;hatsan_125_th
h-135;hatsan_135
h-tor-150;hatsan_torpedo_150
h-tor-150-th;hatsan_torpedo_150_th
edg-matar-r3m;pnevmaticheskaya_vintovka_edgun_matador_r3m_ukorochennyy_bullpap
edgu-mat-r3m;pnevmaticheskaya_vintovka_edgun_matador_r3m_standartnyy_bullpap
e-m-r3m;pnevmaticheskaya_vintovka_edgun_matador_r3m_udlinennyy_bullpap
h-tor-155;hatsan_torpedo_155
h-90-c;hatsan_90_camo
h-70-mw-tr;hatsan_70_mw_tr
h-d-200s;hatsan_dominator_200s
d-200w;dominator_200w
h-d-200s-car;hatsan_dominator_200s_carbine
d-200wcar;dominator_200wcarbine
h-125-s;hatsan_125_sniper
h-str-1000s;hatsan_striker_1000s
h-bt-65-rb;hatsan_bt_65_rb
h-bt065-sb;hatsan_bt_65_sb
h-bt-65-rb-w;hatsan_bt_65_rb_w
h-t-150-mw;hatsan_torpedo_150_mw
ha-125-ca;hatsan_125_camo
h-125-mw;hatsan_125_mw
h-125-th-c;hatsan_125_th_camo
h-135-sp;hatsan_135_sp
alfa-14-od;alfamax_mod_14_od
alfam-14-th;alfamax_mod_14_th
alf-14-th-mw;alfamax_mod_14_th_mw
alfa-15-sp-der;alfamax_mod_15_sp_der
alf-15-xrd-der;alfamax_mod_15_xrd_der
alfa-15-der;alfamax_mod_15_der
alf-18-pls;alfamax_mod_18_pls
alf-18-camo;alfamax_mod_18_camo
h-70-c;hatsan_70_camo
h-85-mw;hatsan_85_mw
h-at44-pa;hatsan_at44_pa
h-t-100x;hatsan_torpedo_100x
h-t-105x-camo;hatsan_torpedo_105x_camo
h-t-105x_mw;hatsan_torpedo_105x_mw
h-t-150-c;hatsan_torpedo_150_camo
alf-14-th-od;alfamax_mod_14_th_od
h-t-150-th-c;hatsan_torpedo_150_th_camo
d-240-c-T06;pnevmaticheskaya_vintovka_diana_240_classic
dia-28;pnevmaticheskaya_vintovka_diana_28
d-34-c-T06;pnevmaticheskaya_vintovka_diana_34_classic
alf-6-mw;alfamax_mod_6_mw
alf-6-camo;alfamax_mod_6_camo
alf-12-dark-gr;alfamax_mod_12_darkgrey
alf-12-ora;alfamax_mod_12_orange
d-350-m-cT06;pnevmaticheskaya_vintovka_diana_panther_350_magnum_compact
d-350-m-p-c;pnevmaticheskaya_vintovka_diana_panther_350_magnum_professional_compact
d-34-pre;pnevmaticheskaya_vintovka_diana_34_premium
dia-280-cl;pnevmaticheskaya_vintovka_diana_280_classic
d-34-clas-T06;pnevmaticheskaya_vintovka_diana_34_classic_compact
d-34-c-p-T06;pnevmaticheskaya_vintovka_diana_34_classic_professional
d-350-p-m;pnevmaticheskaya_vintovka_diana_350_panther_magnum_professional
d-34-c-pro-co;pnevmaticheskaya_vintovka_diana_34_classic_professional_compact
d-350-T06;pnevmaticheskaya_vintovka_diana_350_magnum_classic_professional
d-56-th-t;pnevmaticheskaya_vintovka_diana_56_th_target_hunter
d-470-th-T06;pnevmaticheskaya_vintovka_diana_470_th_target_hunter
d-48-bl-T06;pnevmaticheskaya_vintovka_diana_48_black_professional
d-460-mag;pnevmaticheskaya_vintovka_diana_460_magnum
d-350-mag-T06;pnevmaticheskaya_vintovka_diana_350_magnum_classic_professional_compact
g-s-dx-c;gamo_shadow_dx_combo
g-max-rx;gamo_maxima_rx
g-de-for;gamo_delta_forest
dia-350-Mag;pnevmaticheskaya_vintovka_diana_350_magnum
dia-350;pnevmaticheskaya_vintovka_diana_350_magnum_classic
g-w-fus;gamo_whisper_fusion
g-bl-kni;gamo_black_knight
g-b-bull;gamo_black_bull
dia-45;pnevmaticheskaya_vintovka_diana_45
d-46-stut;pnevmaticheskaya_vintovka_diana_46_stutzen
dia-31;pnevmaticheskaya_vintovka_diana_31_panther
dia-460;pnevmaticheskaya_vintovka_diana_460
dia-48;pnevmaticheskaya_vintovka_diana_48
g-cfx-ve;gamo_cfx_ve
diana-48;pnevmaticheskaya_vintovka_diana_48_black
alf-12-pls;alfamax_mod_12_pls
alfa-12-yel;alfamax_mod_12_yellow
d-52-T06;pnevmaticheskaya_vintovka_diana_52
alfa-13-x-r-der;alfamax_mod_13_x_r_der
d-p-350;pnevmaticheskaya_vintovka_diana_panther_350_magnum
d-350-mcc;pnevmaticheskaya_vintovka_diana_350_magnum_classic_compact
d-430-st-T06;pnevmaticheskaya_vintovka_diana_430_stutzen
d-54-air;pnevmaticheskaya_vintovka_diana_54_airking
d-31-T06;pnevmaticheskaya_vintovka_diana_31_panther_compact
d-31-pp-T06;pnevmaticheskaya_vintovka_diana_31_panther_professional
cyb_sig_s_2022_m;pnevmaticheskiy_pistolet_cybergun_sig_sauer_sp_2022_metall
d-31-pp-cop;pnevmaticheskaya_vintovka_diana_31_panther_professional_compact
d-pan-21;pnevmaticheskaya_vintovka_diana_panther_21_military_green
no-at-te-b;pnevmaticheskaya_vintovka_norica_atlantic_tekno_basic
c-r-r1k77pg;crosman_rem_genesis_r1k77pg
g-r1k77pgx;crosman_rem_genesis_r1k77pgx_pritsel_3_9kh40
no-dr-ca;pnevmaticheskaya_vintovka_norica_dragon_camo
nor-gol-88;pnevmaticheskaya_vintovka_norica_goliath_88
nor-go-88;pnevmaticheskaya_vintovka_norica_goliath_88_desert
n-g-88-sco;pnevmaticheskaya_vintovka_norica_goliath_88_scope
n-g-88-sti;pnevmaticheskaya_vintovka_norica_goliath_88_sting
asg_dan_8_d;pnevmaticheskiy_pistolet_asg_dan_wesson_8_dyuymov
n-n-red;pnevmaticheskaya_vintovka_norica_interpid_red_scope
nor-inte-sil;pnevmaticheskaya_vintovka_norica_interpid_silver
cros-2100-b;crosman_2100_b_pritsel_4x15
nor-int-sil;pnevmaticheskaya_vintovka_norica_interpid_silver_scope
nor-ntre-red;pnevmaticheskaya_vintovka_norica_intrepid_red
air_arm_s510_exslb;vintovka_pnevmaticheskaya_air_arms_s_510_extra_sl_k_4_5mm_rb_priklad_iz_buka
air_arm_s510_exslo;vintovka_pnevmaticheskaya_air_arms_s_510_extra_sl_k_4_5_mm_rw_priklad_iz_orekha
nor-mas;pnevmaticheskaya_vintovka_norica_massimo
nor-trib;pnevmaticheskaya_vintovka_norica_tribal
nor-dra-spe;pnevmaticheskaya_vintovka_norica_dragon_special
nor-kron;pnevmaticheskaya_vintovka_norica_krono
nor-tita;pnevmaticheskaya_vintovka_norica_titan
nor-mar;pnevmaticheskaya_vintovka_norica_marvic_gold
nor-stor;pnevmaticheskaya_vintovka_norica_storm
nor-qui;pnevmaticheskaya_vintovka_norica_quick
nor-mar-st;pnevmaticheskaya_vintovka_norica_marvic_style
nor-atl-bas;pnevmaticheskaya_vintovka_norica_atlantic_basic
nor-atl-sc;pnevmaticheskaya_vintovka_norica_atlantic_scope
Cros-Sum;crosman_rem_summit_rw1k77x_pritsel_3_9kh40
nor-atl-sti;pnevmaticheskaya_vintovka_norica_atlantic_sting
cros-664-sb;crosman_664_sb_pritsel_4kh15
nor-dra;pnevmaticheskaya_vintovka_norica_dragon
nor-dre-hu;pnevmaticheskaya_vintovka_norica_dream_hunter
nor-dre-rid;pnevmaticheskaya_vintovka_norica_dream_rider
nor-56;pnevmaticheskaya_vintovka_norica_56
sm-r4;pnevmaticheskaya_vintovka_smersh_r4
c-c1k77-q-1000;crosman_c1k77_quest_1000
c-c1k77x-q-1000;crosman_c1k77x_quest_1000
cr-8-rnp77xm;crosman_rem_npss_8_rnp77xm
g-s-dx-bar;gamo_shadow_dx_barricade
g-s-dx-rsv;gamo_shadow_dx_rsv
g-s-dx-tact;gamo_shadow_dx_tactical
g-b-sha-igt;gamo_black_shadow_igt
cr-2100-b;crosman_2100_b
um-walt-lgv;pnevmaticheskaya_vintovka_umarex_walther_lgv_challenger
um-h-h-600;pnevmaticheskaya_vintovka_umarex_hammerli_hunter_force_600_combo
um-rug-bl;pnevmaticheskaya_vintovka_umarex_ruger_black_hawk_magnum
um-br-gold;pnevmaticheskaya_vintovka_umarex_browning_gold
u-b-cx4-st;pnevmaticheskaya_vintovka_umarex_beretta_cx4_storm
glet_sw_b8;pnevmaticheskiy_pistolet_gletcher_sw_b8
c-525x-rec;crosman_525x_recurit_pritsel_4kh15
g-big-cat-cf-s;gamo_big_cat_cf_s
glet_sw_b6;pnevmaticheskiy_pistolet_gletcher_sw_b6
cros-ns1200;ns1200
cro-760-b;crosman_760_b
u-w-act-bl;pnevmaticheskaya_vintovka_umarex_walther_lever_action_black_dust
g-400-f;gamo_400_f
g-cfr;gamo_cfr
g-big-cat-1000;gamo_big_cat_1000
c-r-am77;crosman_remington_am77
cros-1077;crosman_1077_plastik
um-wal-lgv;pnevmaticheskaya_vintovka_umarex_walther_lgv_challenger_ultra
um--wal-lgv;pnevmaticheskaya_vintovka_umarex_walther_lgv_master
um-wa-lgv;pnevmaticheskaya_vintovka_umarex_walther_lgv_master_ultra
um-per-45;pnevmaticheskaya_vintovka_umarex_perfecta_45
u-w-lev-ac;pnevmaticheskaya_vintovka_umarex_walther_lever_action_steel_finish
c-be-sh-397;crosman_benjamin_sheridan_397
anic_101_spor;pnevmaticheskiy_pistolet_anics_101_sport
anic_a_101;pnevmaticheskiy_pistolet_anics_a_101
anic_111_spo;pnevmaticheskiy_pistolet_anics_111_sport
anic_a_101_m;pnevmaticheskiy_pistolet_anics_a_101_m
anic_a_9000_s;pnevmaticheskiy_pistolet_beretta_anics_a_9000s
anic_a_112_sp;pnevmaticheskiy_pistolet_anics_a_112_sport
anic_a_3003_b;pnevmaticheskiy_pistolet_anics_a_3003_blackbird
anic_a_3000_skif;pnevmaticheskiy_pistolet_anics_a_3000_skif
anics_a_101_w;pnevmaticheskiy_pistolet_anics_a_101_w
anic_a_101_ms;pnevmaticheskiy_pistolet_anics_a_101_m_sport
anic_a_2002_ber;pnevmaticheskiy_pistolet_anics_a_2002_berkut
anic_a_3000lb_s;pnevmaticheskiy_pistolet_anics_a_3000lb_skif
anic_a_101_wsp;pnevmaticheskiy_pistolet_anics_a_101_w_sport
anik_a_3000_ss;pnevmaticheskiy_pistolet_aniks_a_3000_s_skif
anic_a_111;pnevmaticheskiy_pistolet_anics_a_111
anic_a_112_lsp;pnevmaticheskiy_pistolet_anics_a_112_l_sport
c-1760eu;crosman_1760eu
c-p-ss1k77x;crosman_phantom_ss1k77x
c-r8-co1k77;crosman_optimus_r8_co1k77
c-ss1k77;crosman_ss1k77_phantom_1000
cros-tr77;crosman_tr77
np-r8-30020;crosman_vantage_np_r8_30020
g-soco-1000;gamo_socom_1000
g-s-1000-igt;gamo_socom_1000_igt
g-s-640-b;gamo_shadow_640_barricade
g-s-1000;gamo_shadow_1000_combo_pritsel_4kh32
g-cfr-w-igt;gamo_cfr_whisper_igt
g-cfr-w-r;gamo_cfr_whisper_royal
u-wal-lg-400;pnevmaticheskaya_vintovka_umarex_walther_lg_400_alutec
uma-per-31;pnevmaticheskaya_vintovka_umarex_perfecta_31
uma-per-32;pnevmaticheskaya_vintovka_umarex_perfecta_32
c-p-cs1k77kt;crosman_phantom_ss1k77kt
um-sa-177;pnevmaticheskiy_pistolet_umarex_sa_177
uma-xbg;pnevmaticheskiy_pistolet_umarex_xbg
um-mor;pnevmaticheskiy_pistolet_umarex_morph
um-bro-urx;pnevmaticheskiy_pistolet_umarex_browning_buck_mark_urx
um-ham-p26;pnevmaticheskiy_pistolet_umarex_hammerli_p26
gamo_p_23;pnevmaticheskiy_pistolet_gamo_p_23
gamo_p_23_comb;pnevmaticheskiy_pistolet_gamo_p_23_combat
gamo_pt_80_c_l;pnevmaticheskiy_pistolet_gamo_pt_80_combo_laser
gamo_pt_80;pnevmaticheskiy_pistolet_gamo_pt_80
gamo_px_107;pnevmaticheskiy_pistolet_gamo_px_107
gamo_p_800;pnevmaticheskiy_pistolet_gamo_p_800
gamo_p_25_bl;pnevmaticheskiy_pistolet_gamo_p_25_blowback
gamo_v3;pnevmaticheskiy_pistolet_gamo_v3
gamo_v3_nic;pnevmaticheskiy_pistolet_gamo_v3_nickel
cros_1377_c;pnevmaticheskiy_pistolet_crosman_1377c
cros_c11;pnevmaticheskiy_pistolet_crosman_c11
cros_c31;pnevmaticheskiy_pistolet_crosman_c31
cros_c41;pnevmaticheskiy_pistolet_crosman_c41
cros_t4cs;pnevmaticheskiy_pistolet_crosman_t4cs
cros-1088-bg;pnevmaticheskiy-pistolet-crosman-1088-bg
cros-pro-77cs-kit;pnevmaticheskiy-pistolet-crosman-pro77cs-ochki-shariki-2-ballonchika
cros_2300_s;pnevmaticheskiy_pistolet_crosman_2300s
cros_2300_t;pnevmaticheskiy_pistolet_crosman_2300t
alf-18-mw;alfamax_mod_18_mw
cros_3576_w;pnevmaticheskiy_pistolet_crosman_3576_w
dai_5501;pnevmaticheskiy_pistolet_daisy_5501
blow_h_01;pnevmaticheskiy_pistolet_blow_h_01
h-135-xrd;hatsan_135_xrd
anic_a_1001;pnevmaticheskiy_pistolet_anics_a_1001
anic_a_101mw_s;pnevmaticheskiy_pistolet_anics_a_101mw_sport
anic_a_3003lb;pnevmaticheskiy_pistolet_anics_a_3003lb_blackbird
glet_brt_84;pnevmaticheskiy_pistolet_gletcher_brt_84
glet_brt_92fs;pnevmaticheskiy_pistolet_gletcher_brt_92fs
glet_clt_1911_sp;pnevmaticheskiy_pistolet_gletcher_clt_1911sp
glet_gl_w_3000;pnevmaticheskiy_pistolet_gletcher_gl_w3000
glet_cmb;pnevmaticheskiy_pistolet_gletcher_cmb
glet_jrh_941;pnevmaticheskiy_pistolet_gletcher_jrh_941
glet_ss_gsr;pnevmaticheskiy_pistolet_gletcher_ss_gsr
glet_ss_p226_s5;pnevmaticheskiy_pistolet_gletcher_ss_p226_s5
glet_ss_p232_l;pnevmaticheskiy_pistolet_gletcher_ss_p232l
glet_ngt_b;revolver_pnevmaticheskiy_gletcher_ngt
mr_654k_22_sf;pnevmaticheskiy_pistolet_makarova_mr_654k_22_s_falshglushitelem
glet_sw_mp_pl;pnevmaticheskiy_pistolet_gletcher_sw_mp_plastik
glet_uzm;pistolet_pulemet_pnevmaticheskiy_gletcher_uzm
glet_sw_r25;revolver_pnevmaticheskiy_gletcher_sw_r25
glet_sw_r4;revolver_pnevmaticheskiy_gletcher_sw_r4
glet_sw_r6;revolver_pnevmaticheskiy_gletcher_sw_r6
glet_sw_r8;revolver_pnevmaticheskiy_gletcher_sw_r8
glet_cst_304;pnevmaticheskiy_pistolet_gletcher_cst_304
glet_ss_2202_pl;pnevmaticheskiy_pistolet_gletcher_ss_2202_plastik
glet_ss_2202_m;pnevmaticheskiy_pistolet_gletcher_ss_2202_metall
glet_aps_nbb;pnevmaticheskiy_pistolet_gletcher_aps_nbb
glet_sw_mp_m;pnevmaticheskiy_pistolet_gletcher_sw_mp_metall
glet_trs_24_7_m;pnevmaticheskiy_pistolet_gletcher_trs_24_7_metall
glet_tt_nbb;pnevmaticheskiy_pistolet_gletcher_tt_nbb
glet_grac_nbb;pnevmaticheskiy_pistolet_gletcher_grach_nbb
glet_sw_b25;pnevmaticheskiy_pistolet_revolver_gletcher_sw_b25
glet_sw_b4;revolver_pnevmaticheskiy_gletcher_sw_b4
um-bro-ph;pnevmaticheskaya_vintovka_umarex_browning_phoenix_elite
um-bro-lev;pnevmaticheskaya_vintovka_umarex_browning_leverage
u-w-lgv;pnevmaticheskaya_vintovka_umarex_walther_lgv_competition_ultra
uma-air-haw;pnevmaticheskaya_vintovka_umarex_ruger_air_hawk
u-br-ph-hun;pnevmaticheskaya_vintovka_umarex_browning_phoenix_hunter
mr_512_24;pnevmaticheskaya_vintovka_mr_512_24
mr_651k_01k;pnevmaticheskiy_pistolet_mr_651k_01_kornet
mr-661-ks-02;pnevmaticheskiy-pistolet-drozd-mr-661ks-02
c-300;pnevmaticheskaya_vintovka_cometa_300
eva-sp-shb;pnevmaticheskaya_vintovka_evanix_speed_shb
eva-m-pre;pnevmaticheskaya_vintovka_evanix_monster_premium_sl_shb
eva-bl-leo;pnevmaticheskaya_vintovka_evanix_black_leopard
sm-r3;pnevmaticheskaya_vintovka_smersh_r3
sm-r2;pnevmaticheskaya_vintovka_smersh_r2
sm-r1;pnevmaticheskaya_vintovka_smersh_r1
c-3000;pnevmaticheskaya_vintovka_cometa_3000
com-220;pnevmaticheskaya_vintovka_cometa_220
edg-lel;pnevmaticheskaya_vintovka_edgun_lelya_sverkhkompaktnaya_odnozaryadnaya
ev-con-shb;pnevmaticheskaya_vintovka_evanix_conquest_shb
eva-ain-sto;pnevmaticheskaya_vintovka_evanix_rain_storm_sl_shb
eva-bliz-s10;pnevmaticheskaya_vintovka_evanix_blizzard_s10_sl_shb
cyb-tan-wit-1911;pnevmaticheskiy_pistolet_tanfoglio_witness_1911
cyb_sig_2022_nik;pnevmaticheskiy_pistolet_cybergun_sig_sauer_sp_2022_metallicheskiy_zatvor_nikel
cyb_2022_pl_nik;pnevmaticheskiy_pistolet_cybergun_sig_sauer_sp_2022_plastik_pod_nikel
cyb-colt-1911-bm;pnevmaticheskiy-pistolet-cybergun-tanfoglio-colt-1911-blowback-metall
cyb-p226-x-five;pnevmaticheskiy-pistolet-cybergun-p226-x-five-blowback
cyb_mini_uzi;pnevmaticheskiy_pistolet_cybergun_mini_uzi
cyb_gsr_1911;pnevmaticheskiy_pistolet_cybergun_gsr_1911
asg_dan_wes_6;pnevmaticheskiy_pistolet_asg_dan_wesson_6
asg-st-d-one-b;pnevmaticheskiy-pistolet-asg-sti-duty-one-blowback
asg_cz_75d_c;pnevmaticheskiy_pistolet_asg_cz_75_d_compact_plastik
asg_stm9_a1m;pnevmaticheskiy_pistolet_asg_steyr_m9_a1_metallicheskiy_zatvor
asg_mann_m9_a1;pnevmaticheskiy_pistolet_asg_steyr_mannlicher_m9_a1_plastikovyy_zatvor
asg_cz_75d_met;pnevmaticheskiy_pistolet_asg_cz_75_d_compact_plastik_podvizhnyy_nikelirovannyy_metallicheskiy_zatvor
asg-bp9-17301;pistolet-pnevmaticheskiy-asg-bersa-bp9cc-17301-blowback-kal-4-5-mm
smersh-h1-pm;pnevmaticheskiy-pistolet-smersh-h1-pm-blowback
smersh-h52-uzi;pnevmaticheskiy-pistolet-smersh-h52-uzi-blowback
tt_smersh_h51;pnevmaticheskiy_pistolet_tt_smersh_h51
smersh-h-9;pnevmaticheskiy-pistolet-smersh-h-9-blowback
smersh_h_13;pnevmaticheskiy_pistolet_smersh_h_13_4_5mm
smersh_h14;pnevmaticheskiy_pistolet_smersh_h14_4_5mm
smersh_h18;pnevmaticheskiy_pistolet_smersh_h18_4_5mm
smersh_h_20;pnevmaticheskiy_pistolet_smersh_h_20_4_5mm
tir_ppa_k_01;pnevmaticheskiy_pistolet_tireks_ppa_k_01_so_skladnym_prikladom
cyb-gsg-ber-92;pnevmaticheskiy-pistolet-gsg-92-blowback
asg_dan_25_s;pnevmaticheskiy_pistolet_asg_dan_wesson_2_5_serebristyy_silver
asg_wes_4_d;pnevmaticheskiy_pistolet_asg_dan_wesson_4_dyuyma
asg_dan_25_g;pnevmaticheskiy_pistolet_asg_dan_wesson_2_5_gold
asg_sti_dut_one;pnevmaticheskiy_pistolet_asg_sti_duty_one
asg-75-07-16533;pnevmaticheskiy-pistolet-asg-cz-75-p-07-duty-dt-blowback-dvutsvetnyy-16533-
com-100;pnevmaticheskaya_vintovka_cometa_100
g-forest;gamo_forest
d-p1000-p1000-TH;pnevmaticheskaya_vintovka_diana_p1000_p1000_th
g-h-dx-c;gamo_hunter_dx_combo
fx-ind;pnevmaticheskaya_vintovka_fx_independence
d-31-cam;pnevmaticheskaya_vintovka_diana_31_panther_camo
anik_b_a_2002m;pnevmaticheskiy_pistolet_aniks_berkut_a_2002m_anics_berkut_a_2002_magnum
cros_c_tt;pnevmaticheskiy_pistolet_crosman_c_tt
cyb_m_84;pnevmaticheskiy_pistolet_cybergun_m_84
c-pcp-ch2009s;crosman_pcp_challenger_ch2009s_plastik
gamo_p23_com_l;pnevmaticheskiy_pistolet_gamo_p_23_combo_laser
atam-115-rb;pnevmaticheskaya_vintovka_karabin_ataman_m2r
u-cx4-s-com-ii;pnevmaticheskaya_vintovka_umarex_cx4_storm_commando_ii
um-br-pho;pnevmaticheskaya_vintovka_umarex_browning_phoenix
cros-rg177d;crosman_rem_genesis_rg177d
c-np-8-bt1k77snp;crosman_trail_np_8_bt1k77snp_plastik
c-8-bt1k77wnp;crosman_trail_np_8_bt1k77wnp_derevo
c-08-rnp77xdcm;crosman_rem_npss_8_rnp77xdcm
glet_clt_1911;pnevmaticheskiy_pistolet_gletcher_clt_1911
glet_92fs_auto;pnevmaticheskiy_pistolet_gletcher_brt_92fs_auto
g-b-c-1250;gamo_big_cat_1250_plastik
gam-cfr-w;gamo_cfr_whisper_plastik
g-s-c;gamo_shadow_csi_camo_plastik
g-delta;gamo_delta_plastik
g-d-f-whi;gamo_delta_fox_whisper_plastik
g-xtr-co2;gamo_extreme_co2_plastik
g-h-dx;gamo_hunter_dx_derevo
g-h-evo;gamo_hunter_evo_derevo
g-h-igt;gamo_hunter_igt_derevo
alfa-17-camo;alfamax_mod_17_camo
g-shad-dx;gamo_shadow_dx_plastik
g-shad-igt;gamo_shadow_igt_plastik
bor_pm49;pnevmaticheskiy_pistolet_borner_pm49
g-soc-1250;gamo_socom_1250_plastik
g-soc-car-lux;gamo_socom_carbine_luxe_plastik
g-soc-tac;gamo_socom_tactical_plastik
g-vip-bar;gamo_viper_barricade_plastik
g-whis-igt;gamo_whisper_igt_plastik
d-280;pnevmaticheskaya_vintovka_diana_280
hat-33-mw-tr-p;hatsan_33_mw_tr_plastik
h-33-tr-pl;hatsan_33_tr_plastik
ha-35s-tr;hatsan_35s_tr
hat-at44-10-w;hatsan_at44_10_wood_derevo
bor_wc_401;pnevmaticheskiy_pistolet_borner_wc401
glet_aps_stec;pnevmaticheskiy_pistolet_gletcher_aps_stechkina_aps_blowback
h-a44x-10-w-d;hatsan_at44x_10_wood_derevo
h-bt-65-sb-w;hatsan_bt_65_sb_w
h-bt-65-rb-elite;hatsan_bt_65_rb_elite
h-bt-65-sb-el;hatsan_bt_65_sb_elite
h-125-com;hatsan_125_combo
h-90-mw-tr;hatsan_90_mw_tr
h-125-th-mw;hatsan_125_th_mw
qv-15;pnevmaticheskaya_vintovka_qv_15_derevo
bor-w-3000-m;pnevmaticheskiy-pistolet-borner-w3000m
bor_w_3000;pnevmaticheskiy_pistolet_borner_w3000
mr_512_36;pnevmaticheskaya_vintovka_mr_512_36
bor_spo_705;pnevmaticheskiy_pistolet_borner_sport_705
u-850-air-mag;pnevmaticheskaya_vintovka_umarex_850_air_magnum_plastik
um-850-air-mag;pnevmaticheskaya-vintovka-umarex-850-air-magnum-classic-derevo-adapter
bor_sp_704;pnevmaticheskiy_pistolet_borner_sport_704
v1-1;pnevmaticheskaya_vintovka_v1_1_derevo
b2-2as;pnevmaticheskaya_vintovka_v2_2as
a-qb-20;pnevmaticheskaya_vintovka_aurora_qb_20
au-qb-18;pnevmaticheskaya_vintovka_aurora_qb_18
bor-spo-331-b;pnevmaticheskiy-pistolet-borner-sport-331-blowback
rug-bl-haw;ruger_black_hawk_plastik
u-w-250-dom;pnevmaticheskaya_vintovka_umarex_walther_1250_dominator_ft_plastik
cros-1088-bg-kit;pnevmaticheskiy-pistolet-crosman-1088-bg-kit-ochki-puli-shariki
cros_c21;pnevmaticheskiy_pistolet_crosman_c21
bor_sp_306m;pnevmaticheskiy_pistolet_borner_sport_306m
bor_sp_306;pnevmaticheskiy_pistolet_borner_sport_306
bor_c41;pnevmaticheskiy_pistolet_borner_c41
bor_m84;pnevmaticheskiy_pistolet_borner_m84
bor_pan_801;pnevmaticheskiy_pistolet_borner_panther_801
bor_s_sp_702;pnevmaticheskiy_pistolet_borner_super_sport_702
bor_s_sp_703;pnevmaticheskiy_pistolet_borner_super_sport_703
bor_s_sp_708;pnevmaticheskiy_pistolet_borner_super_sport_708
bor_c11;pnevmaticheskiy_pistolet_borner_c11
bor_321_win_g;pnevmaticheskiy_pistolet_borner_321_win_gun
bor_1911_com;pnevmaticheskiy_pistolet_borner_1911_combat
mr_53_m;pistolet_pnevmaticheskiy_mr_53_m
bor_p_win_304;pnevmaticheskiy_pistolet_borner_power_win_304
um-ste-sto;pnevmaticheskiy_pistolet_umarex_steel_storm_black
um-s-wmi;pistolet_pnevmaticheskiy_umarex_s_w_military_police_45
um-s-w-327-trr8;pnevmaticheskiy_pistolet_umarex_s_w_327_trr8
cx4-st-xt;pnevmaticheskaya_vintovka_umarex_beretta_cx4_storm_xt
um-ha-f-500;pnevmaticheskaya_vintovka_umarex_hammerli_firefox_500_kit
um-w-ever;pnevmaticheskaya_vintovka_umarex_walther_lever_action_gold
w-hw-97k;pnevmaticheskaya_vintovka_weihrauch_hw_97k
w-h-100-t;pnevmaticheskaya_vintovka_weihrauch_hw_100_t_pcp
8-cd1k77np;crosman_venom_8_cd1k77np
gamo_pt85_bl;pnevmaticheskiy_pistolet_gamo_pt_85_blowback
gamo_pt_80_tac;pnevmaticheskiy_pistolet_gamo_pt_80_tactical
gamo_p_900;pnevmaticheskiy_pistolet_gamo_p_900
alfa-7-cam;alfamax_mod_7_camo
alfa-7-mw;alfamax_mod_7_mw
alfa-21w-der;alfamax_mod_21w_der
alfa-21-pls-o;alfamax_mod_21_pls_ort_pr
g-cfr-igt;gamo_vydelit_cfr_igt
alfa-9-mw;alfamax_mod_9_mw
alfa-10-der;alfamax_mod_10_der
alfa-mod-11;alfamax_mod_11_der
smersh_h56;pnevmaticheskiy_pistolet_smersh_h56
smersh_h57;pnevmaticheskiy_pistolet_smersh_h57
smersh_h_60;pnevmaticheskiy_pistolet_smersh_h_60_4_5mm
smersh_h59;pnevmaticheskiy_pistolet_smersh_h59
smersh-h68;pnevmaticheskiy-pistolet-smersh-h68-blowback
smersh-h67;pnevmaticheskiy-pistolet-smersh-h-67-blowback
smersh-h64-1911;pnevmaticheskiy-pistolet-smersh-h-64-4-5mm-kolt-1911-blowback
smersh-h62-92;pnevmaticheskiy-pistolet-smersh-h-62-beretta-92-blowback
um-ma-res;pnevmaticheskiy_pistolet_umarex_magnum_research_desert_eagle
um-p-sp;pnevmaticheskiy_pistolet_umarex_cp_sport_chyernyy
aps-ste;aps_stechkin
um-ra-gun;pnevmaticheskiy_pistolet_umarex_race_gun
um-wa-cp99;pnevmaticheskiy_pistolet_umarex_walther_cp99_nickel
um-wal-cp99;pnevmaticheskiy_pistolet_umarex_walther_cp99_flat_dark_earth
um-wal-cp88;pnevmaticheskiy_pistolet_umarex_walther_cp88_competition_black
alfa-14-th-ca;alfamax_mod_14_th_camo
alfa-9-camo;alfamax_mod_9_camo
um-ha-750;pnevmaticheskaya_vintovka_umarex_hammerli_hunter_force_750_combo
um-walt-1250;pnevmaticheskaya_vintovka_umarex_walther_1250_dominator_ft_pro
at44-10-mw;at44_10_mw
izh_60;vintovka_pnevmaticheskaya_izh_60
alf-18-od-pls;alfamax_mod_18_od_pls
alf-18-th-pls;alfamax_mod_18_th_pls
alf-18-th-cam;alfamax_mod_18_th_camo
alf-18-th-mw;alfamax_mod_18_th_mw
alf-18-th-od;alfamax_mod_18_th_od
alfa-19;alfamax_mod_19_der
alf-mod-1-mw;alfamax_mod_1_mw
alf-mod-1;alfamax_mod_1_pls
alfa-mod-2;alfamax_mod_2_der
alf-mod-4-pls;alfamax_mod_4_pls
alf-mod-4-cam;alfamax_mod_4_camo
alf-mod-4-mw;alfamax_mod_4_mw
alf-mod-6;alfamax_mod_6_pls
alf-21s-pls;alfamax_mod_21s_pls
alfa-21-lon;alfamax_mod_21_long_pls
alf-21s-lon;alfamax_mod_21s_long_pls
alf-22;alfamax_mod_22_pls
alf-24-pls;alfamax_mod_24_pls
alfa-mod-23;alfamax_mod_23_pls
alfa-24-w;alfamax_mod_24_w_pls
alfa-23-w;alfamax_mod_23_wpls
alf-23-lit;alfamax_mod_23_elite_pls
alfa-24-eli;alfamax_mod_24_elite_pls
alf-mod-1-cam;alfamax_mod_1_camo
alf-mod-8-pls;alfamax_mod_8_pls
glet_tt_blow;pnevmaticheskiy_pistolet_gletcher_tt_blowback
c-tr77nps;crosman-tr77nps
wei-hw-57;pnevmaticheskaya_vintovka_weihrauch_hw_57
w-hw-97-k;pnevmaticheskaya_vintovka_weihrauch_hw_97_k
w-hw-97-kt;pnevmaticheskaya_vintovka_weihrauch_hw_97_kt
w-hw98;pnevmaticheskaya_vintovka_weihrauch_hw98
s-l110-hi-po;pnevmaticheskaya_vintovka_steyr_lg110_high_power
ste-lg-110;pnevmaticheskaya_vintovka_steyr_lg_110_hunting
st-lg-110;pnevmaticheskaya_vintovka_steyr_lg_110_running_target
um-pm-ult;pnevmaticheskiy_pistolet_umarex_pm_ultra_blowback
h-44-10;hatsan_44_10_v_komplektatsii_s_nasosom_i_moderatorom_4_kamery
h-at44s-10;hatsan_at44s_10
hat_mod_25_sup;pnevmaticheskiy_pistolet_hatsan_mod_25_supercharger
hat_mod_25_s;pnevmaticheskiy_pistolet_hatsan_mod_25_supertact
hat_at_p1;pnevmaticheskiy_pistolet_hatsan_at_p1
hat_at_p2;pnevmaticheskiy_pistolet_hatsan_at_p2
h-gal-1;hatsan_galatian_1
hat-gala-2;hatsan_galatian_2
hat-ga-1-cara;hatsan_galatian_1_carabine
hat-85-snip;hatsan_85_sniper
hat-44-10-tac;hatsan_at44_10_tactical
hat-at44-10-w-l;hatsan_at44_10_wood_long
hat-str-ed;hatsan_striker_edge
hat-str-jun;hatsan_striker_junior
cros_benj_t_np;pnevmaticheskiy_pistolet_crosman_benjamin_trail_np
at44-10-t-l;at44_10_tact_long
edg-mor;pnevmaticheskaya_vintovka_edgun_morana
ed-ma-r3m;pnevmaticheskaya_vintovka_edgun_matador_r3m_standartnyy
edg-mat-r3m;pnevmaticheskaya_vintovka_edgun_matador_r3m_udlinennyy
ed-mat-r3m;pnevmaticheskaya_vintovka_edgun_matador_r3m_ukorochennyy
edg_vel_4_5;pnevmaticheskiy_pistolet_edgun_veles_4_5_mm
edg_vel_5_5;pnevmaticheskiy_pistolet_edgun_veles_5_5_mm
hat-44-10-v-ko;hatsan_44_10_v_komplektatsii_s_nasosom
csm-2100-b;crosman-2100-b-pritsel-3-7x28
g-d-fox-gt-wh;pnevmaticheskaya-vintovka-gamo-delta-fox-gt-whisper
mr-661k-09;pnevmaticheskiy-pistolet-mr-661k-09-drozd-bunkernyy-
bor-kmb-76;pnevmaticheskiy-pistolet-borner-kmb76
hat-25;pnevmaticheskiy-pistolet-hatsan-25
um-iwi-min;pnevmaticheskiy-pistolet-umarex-iwi-mini-uzi-blowback
um-leg-c96;pnevmaticheskiy-pistolet-umarex-legends-c96-blowback
bor-kmb-15;pnevmaticheskiy-pistolet-borner-kmb15-blowback
bor-kmb-12;pnevmaticheskiy-pistolet-borner-kmb12-blowback
bor-kmb-76;pnevmaticheskiy-pistolet-borner-kmb76-blowback
bor-kmb-77;pnevmaticheskiy-pistolet-borner-kmb77-blowback
bor-z116;pnevmaticheskiy-pistolet-borner-z116-blowback
cros-pr-077-cs;pnevmaticheskiy-pistolet-crosman-pr077cs-blowback
asg-75p-07-dbl;pnevmaticheskiy-pistolet-asg-cz-75-p-07-duty-blowback
asg-9cc-17301;pnevmaticheskiy-pistolet-asg-bersa-bp9cc-17301-blowback
gamo-af-10;pnevmaticheskiy-pistolet-gamo-af-10
gamo-c-15-bl;pnevmaticheskiy-pistolet-gamo-c-15-blowback
gamo-comp;pnevmaticheskiy-pistolet-gamo-compact
gamo-pr-45;pnevmaticheskiy-pistolet-gamo-pr-45-
gamo-pt-85-t-b;pnevmaticheskiy-pistolet-gamo-pt-85-tactical-blowback
glet-p226-s5;pnevmaticheskiy-pistolet-gletcher-ss-p226-s5-blowback
glet-tgc;pnevmaticheskiy-pistolet-gletcher-tgc-blowback
glet-tlc;pnevmaticheskiy-pistoletgletcher-tlc-blowback
glet-p-08-bl;pnevmaticheskiy-pistolet-gletcher-p-08-blowback
glet-tt-p;pnevmaticheskiy-pistolet-gletcher-tt-p
glet-par-blow;pnevmaticheskiy-pistolet-gletcher-parabellum-blowback
glet-m712;pnevmaticheskiy-pistolet-gletcher-m712-blowback
glet-ngt-sil;pnevmaticheskiy-pistolet-gletcher-ngt-silver
glet-clt-b25;pnevmaticheskiy-revolver-gletcher-clt-b25
glet-clt-b4;pnevmaticheskiy-revolver-gletcher-clt-b4
glet-clt-b6;pnevmaticheskiy-revolver-gletcher-clt-b6
glet-m-1891;pnevmaticheskiy-pistolet-gletcher-m1891
glet-aps-p;pnevmaticheskiy-pistolet-gletcher-aps-p
cros-ccp-8b2;pnevmaticheskiy-pistolet-crosman-vigilante-ccp8b2
cros-1701-p;pnevmaticheskiy-pistolet-crosman-1701p
mr-654k-38;pnevmaticheskiy-pistolet-mr-654k-38-300-500-seriya-plastikovaya-rukoyatka
um-mor-pist;pnevmaticheskiy-pistolet-umarex-morph-pistol-nabor-k-pistoletu-pnevm-umarex-morph-pistol-stvol-tseve
um-morp-pis;nabor-k-pistoletu-pnevm-umarex-morph-pistol-stvol-tseve-priklad
cros-1911-bb;pnevmaticheskiy-pistolet-crosman-1911bb-
c-b-m-bp1764s;pnevmaticheskaya-vintovka-crosman-benjamin-marauder-bp1764s
c-m4-177t;crosman-m4-177t-bezhevaya
cros-mk-177;crosman-mk-177
cros-1911-bbb;pnevmaticheskiy-pistolet-crosman-1911bbb-blowback
swis-ar-p-92-ltsu;pnevmaticheskiy-pistolet-swiss-arms-p-92-s-ltsu
swis-bw-1911-r2-lts;pnevmaticheskiy-pistolet-swiss-arms-bw1911-r2-s-ltsu
swis-p-1911-mat;pnevmaticheskiy-pistolet-swiss-arms-p1911-match-288708
swis-arm-sa-1911;pnevmaticheskiy-pistolet-swiss-arms-1911-288013
swis-arm-p-1911;pnevmaticheskiy-pistolet-swiss-arms-p1911-288710
swis-arm-pm;pnevmaticheskiy-pistolet-swiss-arms-pm-
swis-arm-p-92;pnevmaticheskiy-pistolet-swiss-arms-p-92-288709-
swis-arm-sa-prot;pnevmaticheskiy-pistolet-pulemet-swiss-arms-sa-protector-288503
swis-ar-tan-lim-cust;pnevmaticheskiy-pistolet-swiss-arms-tanfoglio-limited-custom-358005-
sw-arms-t-g-cust-eric;pnevmaticheskiy-pistolet-swiss-arms-tanfoglio-gold-custom-eric-358004
sw-ar-bw-1911-r2;pnevmaticheskiy-pistolet-swiss-arms-bw1911-r2-258000
sw-ar-p226-x-five;pnevmaticheskiy-pistolet-swiss-arms-sig-x-five-288501
swis-ar-sp-2022-dt;pnevmaticheskiy-pistolet-swiss-arms-sig-sp2022-288200
swis-arm-357-4;pnevmaticheskiy-revolver-swiss-arms-357-4-288016
swis-arm-sa-941;pnevmaticheskiy-pistolet-swiss-arms-941-288014
swis-ar-sp-2022-dtm;pnevmaticheskiy-pistolet-swiss-arms-sig-sp2022-dual-tone-288210
swis-ar-s2l-xs2;pnevmaticheskiy-pistolet-swiss-arms-s2-air-pistol-xs2-
swis-ar-357-6;pnevmaticheskiy-revolver-swiss-arms-357-6-288017
swis-ar-blac-bw9;pnevmaticheskiy-pistolet-pulemet-swiss-arms-blackwater-bw9-version-258001-
swis-ar-sp-2022-bm;pnevmaticheskiy-pistolet-swiss-arms-sig-sp2022-black-288012
swis-arm-p-84;pnevmaticheskiy-pistolet-swiss-arms-p-84-288707-
swis-ar-sp-2022-bl;pnevmaticheskiy-pistolet-swiss-arms-sig-sp2022-black-288000
crick-kom-pla;pnevmaticheskaya-vintovka-cricket-kompakt-plastik-s-keysami-pod-barabany-5-5mm
cric-komp;pnevmaticheskaya-vintovka-cricket-kompakt-orekh-s-keysami-pod-barabany-5-5mm-
cric-st-ore;pnevmaticheskaya-vintovka-cricket-standart-orekh-s-keysami-pod-barabany-6-35mm
cric-stan-ore;pnevmaticheskaya-vintovka-cricket-standart-v-lozhe-orekh-s-keysami-pod-barabany-5-5mm-
cric-sta-plas;pnevmaticheskaya-vintovka-cricket-standart-plastik-s-keysami-pod-barabany-5-5mm
cric-kom-ore;pnevmaticheskaya-vintovka-cricket-kompakt-v-lozhe-orekh-s-keysami-pod-barabany-4-5mm
cric-carab;pnevmaticheskaya-vintovka-cricket-carabine
coli-ore;pnevmaticheskaya-vintovka-colibri-v-lozhe-orekh
asg-bers-9-pro;pnevmaticheskiy-pistolet-asg-bersa-thunder-9-pro-4-5-mm
bers-bp9-cc-bl;pnevmaticheskiy-pistolet-bersa-bp9cc-blowback-metall-serebro
mr-61-09;pnevmaticheskaya-vintovka-mr-61-09
h-at44-10-l;pnevmaticheskaya-vintovka-hatsan-at44-10-long
c-bp1764-b-m;pnevmaticheskaya-vintovka-crosman-bp1764-benjamin-marauder
s-g-i-b-3-2;shanghai-glyn-inc-mod-b-3-2-kal-4-5-mm
s-g-i-1070;shanghai-glyn-inc-mod-beeman-1070-kal-4-5-mm
sh-gl-i-1050;shanghai-glyn-inc-mod-beeman-1050-kal-4-5-mm
s-g-inc-b-3-3;shanghai-glyn-inc-mod-b-3-3-kal-4-5-mm
s-g-i-b-3-1;shanghai-glyn-inc-mod-b-3-1-kal-4-5-mm
sh-gl-i-b-2;shanghai-glyn-inc-mod-b-2-kal-4-5-mm
s-g-i-b-2-2;shanghai-glyn-inc-mod-b-2-2-kal-4-5-mm
sh-gl-i-v2-1;shanghai-glyn-inc-mod-v2-1-kal-4-5-mm
sh-gl-i-v1;shanghai-glyn-inc-mod-v1-kal-4-5-mm
s-g-inc-qb36-1;shanghai-glyn-inc-mod-qb36-1-kal-4-5mm
s-g-i-qb23;shanghai-glyn-inc-mod-qb23-kal-4-5-mm
s-g-i-qb18a;shanghai-glyn-inc-mod-qb18a-kal-4-5-mm
s-gl-i-qb15a;shanghai-glyn-inc-mod-qb15a-kal-4-5mm
s-g-i-ar-1000;shanghai-glyn-inc-mod-ar-1000-fc-magnum-kal-4-5-mm
sh-gl-in-36-2;shanghai-glyn-inc-mod-qb-36-2-kal-5-5-mm
sh-gl-qb-36-1;shanghai-glyn-inc-mod-qb-36-1-kal-5-5-mm
s-g-i-qb-23;shanghai-glyn-inc-mod-qb-23-kal-5-5-mm
s-g-inc-ar-3000;shanghai-glyn-inc-mod-ar-3000-fc-hunter-kal-5-5-mm
tss-fo-co-ltd;tss-fortune-co-ltd-mod-v3-2-kal-4-5-mm
tss-f-co-v3;tss-fortune-co-ltd-mod-v3-1-kal-4-5mm
tss-f-co-ltd;tss-fortune-co-ltd-mod-v2-1-kal-4-5mm
tss-f-co-mv1-3;tss-fortune-co-ltd-mod-v1-3-kal-4-5mm
ts-f-co-ltd;tss-fortune-co-ltd-mod-v1-1-kal-4-5mm-
t-fo-co-ltd;tss-fortune-co-ltd-mod-wf600-vint-4-5mm-der-
tss-fo-c-ltd;tss-fortune-co-ltd-mod-v1-4-vint-4-5mm-der-
t-f-co-ltd;tss-fortune-co-ltd-mod-v2-3vint-4-5mm-der-nar-stv
tss-for-co-ltd;tss-fortune-co-ltd-mod-v2-4p-vint-4-5mm-pls
t-for-co-ltd;tss-fortune-co-ltd-mod-wf600p-vint-4-5mm-pls
tss-s2;tss-fortune-co-ltd-mod-s2-pist-4-5mm-der
ares-mod-1-w;pnevmaticheskaya-vintovka-ares-mod-1-w
ar-mod-6;pnevmaticheskaya-vintovka-ares-mod-6
str-s-20;pnevmaticheskaya-vintovka-strong-s-20
atam-416-c-rb;pnevmaticheskaya-vintovka-bull-pap-ataman-m2r-standart-orekh-6-35
wal-lg-300-jun;pnevmaticheskaya-vintovka-walther-lg-300-junior
wal-lg-300-uni;pnevmaticheskaya-vintovka-walther-lg-300-universal
wal-lg-400-un;pnevmaticheskaya-vintovka-walther-lg-400-universal
wal-lg400-alu;pnevmaticheskaya-vintovka-walther-lg400-alutec-economy-re-m
wal-lg400;pnevmaticheskaya-vintovka-walther-lg400-alutec-competition-re-m
wal-lg400-ana;pnevmaticheskaya-vintovka-walther-lg400-anatomic-expert-re-m
st-at-como-16x40ao;pnevmaticheskaya-vintovka-stoeger-atac-combo-4-16x40ao-4-5-mm-30702
st-x10-sync-4-5;pnevmaticheskaya-vintovka-stoeger-x10-synthetic-4-5-mm-30057
stor-x10-wo-co-45;pnevmaticheskaya-vintovka-stoeger-x10-wood-combo-4-5-mm-30048
sto-x50-w-c-4-5;pnevmaticheskaya-vintovka-stoeger-x50-wood-combo-4-5-mm-30108
stox50-w-4-5;pnevmaticheskaya-vintovka-stoeger-x50-wood-4-5-mm-30106
sto-x20-s-c-4-5;pnevmaticheskaya-vintovka-stoeger-x20-synthetic-combo-4-5-mm-30091
sto-x20-w-c-4-5;pnevmaticheskaya-vintovka-stoeger-x20-wood-combo-4-5-mm-30074
sto-x20-w-4-5;pnevmaticheskaya-vintovka-stoeger-x20-wood-4-5-mm-30070-optika-v-komplekt-ne-vkhodit
sto-x50-syn-4-5;pnevmaticheskaya-vintovka-stoeger-x50-synthetic-4-5-mm-30113
st-x5-w-4-5;pnevmaticheskaya-vintovka-stoeger-x5-wood-4-5-mm-30033
sto-x10-w-4-5;pnevmaticheskaya-vintovka-stoeger-x10-wood-4-5-mm-30044
sto-x20-c-c-4-5;pnevmaticheskaya-vintovka-stoeger-x20-camo-combo-4-5-mm-30099
stor-x20-c-4-5;pnevmaticheskaya-vintovka-stoeger-x20-camo-4-5-mm-30087
sto-x20-sy-4-5;pnevmaticheskaya-vintovka-stoeger-x20-synthetic-4-5-mm-30083
sto-x5-s-4-5;pnevmaticheskaya-vintovka-stoeger-x5-synthetic-4-5-mm-30153
st-x50-c-co-4-5;pnevmaticheskaya-vintovka-stoeger-x50-camo-combo-4-5-mm-30122
st-x50-c-4-5;pnevmaticheskaya-vintovka-stoeger-x50-camo-4-5-mm-30115
st-x50-s-c-4-5;pnevmaticheskaya-vintovka-stoeger-x50-synthetic-combo-4-5-mm-30117
log-mk-ii;pnevmaticheskaya-vintovka-logun-mk-ii-5-5-mm
log-ax;pnevmaticheskaya-vintovka-logun-axsor-5-5-mm
cros-tor-sx;pnevmaticheskaya-vintovka-crosman-torrent-sx
c-b-tit-np;pnevmaticheskaya-vintovka-crosman-benjamin-titan-np
c-b-tit-xs;pnevmaticheskaya-vintovka-crosman-benjamin-titan-xs
c-c-ak;crosman-comrade-ak
c-fury-np;pnevmaticheskaya-vintovka-crosman-fury-np
gamo-p25-tact;pnevmaticheskiy-pistolet-gamo-p-25-tactical-blowback-pellet
pcp-ev-sp;pnevmaticheskaya-vintovka-pcp-evanix-speed
pcp-eva-max;pnevmaticheskaya-vintovka-pcp-evanix-max-black
pcp-eva-ava;pnevmaticheskaya-vintovka-pcp-evanix-avalanche
pcp-eva-gtk-sp;pnevmaticheskaya-vintovka-pcp-evanix-gtk-sp
pcp-eva-gtl480;pnevmaticheskaya-vintovka-pcp-evanix-gtl480
eva-ava-b;pnevmaticheskaya-vintovka-pcp-evanix-avalanche-black
pcp-eva-rai;pnevmaticheskaya-vintovka-pcp-evanix-rainstorm-bullpup
pcp-eva-con;pnevmaticheskaya-vintovka-pcp-evanix-conquest
pcp-ev-max;pnevmaticheskaya-vintovka-pcp-evanix-max
pcp-evan-g;pnevmaticheskaya-vintovka-pcp-evanix-giant
pcp-eva-g-b;pnevmaticheskaya-vintovka-pcp-evanix-giant-black
pcp-e-g-x2;pnevmaticheskaya-vintovka-pcp-evanix-giant-x2
pcp-e-gtk290;pnevmaticheskaya-vintovka-pcp-evanix-gtk290
pcp-eva-h-ar4;pnevmaticheskaya-vintovka-pcp-evanix-hunting-master-ar4
pcp-ev-bli-s10;pnevmaticheskaya-vintovka-pcp-evanix-blizzard-s10
u-h-ar-20-sil;pnevmaticheskaya-vintovka-umarex-hammerli-ar-20-silver-pro-pcp-dioptr-pritsel
uma-lg-400-u;pnevmaticheskaya-vintovka-umarex-lg-300-universal-bu-re-li
um-lg-400;pnevmaticheskaya-vintovka-umarex-lg-400-alutec-economy-re-m
um-lg-400-al;pnevmaticheskaya-vintovka-umarex-lg-400-alutec-expert-re-m
um-lg-400-ex;pnevmaticheskaya-vintovka-umarex-lg-400-alutec-expert-re-li-0
lg-400-un;pnevmaticheskaya-vintovka-lg-400-universal-re-li-
g-g-f-15-4-5;pnevmaticheskaya-vintovka-gamo-g-force-15-4-5-mm
gam-coyo;pnevmaticheskaya-vintovka-gamo-coyote
um-lp-400-alu;pistolet-pnevmaticheskiy-umarex-lp-400-alu-re-m-kal-4-5-mm
um-wal-lp-400;pnevmaticheskiy-pistolet-umarex-walther-lp-400-alu-re-s-4-5-mm
um-wal-lp-400-car;pnevmaticheskiy-pistolet-umarex-walther-lp-400-carbon-re-m-4-5-mm
um-lp-400-car;pistolet-pnevmaticheskiy-umarex-lp-400-carbon-re-s
um-wal-ap20;pnevmaticheskiy-pistolet-umarex-walther-hammerli-ap20-4-5-mm
cros-1720-t;pnevmaticheskiy-pistolet-pcp-crosman-1720t
asg-cz-75-p07;pnevmaticheskiy-pistolet-asg-cz-75-p-07-duty
g-d-fox-gt;gamo_delta-fox-gt
atam-414-rb;pnevmaticheskaya-vintovka-ataman-m2r-bull-pap-standart-4-5-orekh-magazin-v-komplekte
g-h-440-igt-c;pnevmaticheskaya-vintovka-gamo-hunter-440-igt-combo
h-str-alp;hatsan_striker_alpha
cro-mtr77-np;crosman-mtr77-np
atam-715-rb;pnevmaticheskaya-vintovka-ataman-m2r-ultra-c-5-5-magazin-v-komplekte
atam-226-rb;pnevmaticheskaya-vintovka-ataman-m2r-taktik-tip-1-standart-6-35-chernyy-magazin-v-komplekte
atam-tak-tip-1z;pnevmaticheskaya-vintovka-ataman-m2r-taktik-tip-1-standart-5-5-zelyenyy-magazin-v-komplekte
atam-236-rb;ataman-m2r-236rb
atam-235-rb;pnevmaticheskaya-vintovka-ataman-m2r-taktik-tip-1-standart-5-5-zelyenyy-ukorochennyy-magazin-v-kompl
atam-tak-tip-1635;pnevmaticheskaya-vintovka-ataman-m2r-taktik-tip-1-standart-6-35-zelyenyy-ukorochennyy-magazin-v-komp
atam-336-rb;pnevmaticheskaya-vintovka-ataman-m2r-taktik-tip-2-standart-6-35-zelyenyy-magazin-v-komplekte
atam-326-rb;pnevmaticheskaya-vintovka-ataman-m2r-taktik-tip-2-standart-6-35-chyernyy-magazin-v-komplekte
atam-325-rb;pnevmaticheskaya-vintovka-ataman-m2r-taktik-tip-2-standart-5-5-chyernyy-magazin-v-komplekte
atam-116-rb;pnevmaticheskaya-vintovka-ataman-m2r-karabin-standart-6-35-orekh-magazin-v-komplekte
h-125-e;hatsan-125-e
atam-h416-rb;pnevmaticheskaya-vintovka-ataman-m2r-bull-pap-novyy-dizayn-orekh-magazin-v-komplekte
atam-415-c-rb;pnevmaticheskaya-vintovka-ataman-m2r-bull-pap-standart-5-5-orekh-magazin-v-komplekte
atam-bull-45-ch;pnevmaticheskaya-vintovka-ataman-m2r-bull-pap-standart-4-5-chyernyy-magazin-v-komplekte
atam-bull-45-zel;pnevmaticheskaya-vintovka-ataman-m2r-bull-pap-standart-4-5-zelyenyy-magazin-v-komplekte
atam-426-rb;pnevmaticheskaya-vintovka-ataman-m2r-bull-pap-standart-6-35-chyernyy-magazin-v-komplekte
atam-bull-st-635z;pnevmaticheskaya-vintovka-ataman-m2r-bull-pap-standart-6-35-zelyenyy-magazin-v-komplekte
atam-kar-st-45or;pnevmaticheskaya-vintovka-ataman-m2r-karabin-standart-4-5-orekh-magazin-v-komplekte
atam-165-rb;pnevmaticheskaya-vintovka-ataman-m2r-eksklyuziv-5-5-mm-tip-dereva-sopel-magazin-v-komplekte-165-rb
atam-165-rb;pnevmaticheskaya-vintovka-ataman-m2r-eksklyuziv-4-5-mm-tip-dereva-sopel-magazin-v-komplekte-165-rb
atam-165-rb;pnevmaticheskaya-vintovka-ataman-m2r-eksklyuziv-6-35-mm-tip-dereva-sopel-magazin-v-komplekte-165-rb
atam-155-rb;pnevmaticheskaya-vintovka-ataman-m2r-eksklyuziv-5-5-mm-155-rb-karbon-magazin-v-komplekte
atam-exc-635;pnevmaticheskaya-vintovka-ataman-m2r-eksklyuziv-6-35-mm-155-rb-karbon-magazin-v-komplekte
atam-ft-5-5;pnevmaticheskaya-vintovka-ataman-m2r-ft-5-5-mm-155-rb-magazin-v-komplekte
atam-155-rb;pnevmaticheskaya-vintovka-ataman-m2r-ft-4-5-mm-155-rb-magazin-v-komplekte
atam-match-55;pnevmaticheskaya-vintovka-ataman-m2r-match-5-5-mm
atam-1614-sl;pnevmaticheskaya-vintovka-ataman-m2r-match-4-5-mm
atam-1484-sl;pnevmaticheskaya-vintovka-ataman-m2-sport-match-4-5-mm-1484-rb
atam-1384-rb;pnevmaticheskaya-vintovka-ataman-m2-sport-ft-4-5-mm-1384-rb
t-f-c-ltd-v1;tss-fortune-co-ltd-mod-v1-4-kal-4-5mm
crik-car;pnevmaticheskaya-vintovka-cricket-carabine-kal-6-35mm
atam-815-rb;pnevmaticheskaya-vintovka-ataman-m2r-bull-pap-novyy-dizayn-5-5-orekh-magazin-v-komplekte
glet-sw-r25-s;pnevmaticheskiy-pistolet-gletcher-sw-r25-silver
edg-ma-r3m;pnevmaticheskaya-vintovka-edgun-matador-r3m-6-35-mm-standartnyy-bullpap
ed-mata-r3m;pnevmaticheskaya-vintovka-edgun-matador-r3m-6-35-mm-udlinennyy-bullpap
e-mat-r3m;pnevmaticheskaya-vintovka-edgun-matador-r3m-6-35-mm-ukorochennyy-bullpap
atam-m1;pistolet-pnevmaticheskiy-ataman-m1-4-5-mm
atam-m1-u;pistolet-pnevmaticheskiy-ataman-m1-u-4-5-mm
atam-ml15-c15-rb;pnevmaticheskaya-vintovka-karabin-ataman-ml15-5-5-mm
atam-ml15-c16-rb;pnevmaticheskaya-vintovka-karabin-ataman-ml15-6-35-mm
atam-ml15-b15-rb;pnevmaticheskaya-vintovka-bull-pap-ataman-ml-15-5-5-mm-buk
atam-ml15-b16-rb;pnevmaticheskaya-vintovka-bull-pap-ataman-ml-15-6-35-mm-buk
c-2100-b;crosman-2100-b-pritsel-3-7x20
ed-mo-r3m;pnevmaticheskaya-vintovka-edgun-morana-r3m-6-35-mm
h-g-3;hatsan_galatian_3
h-g-4;pnevmaticheskaya-vintovka-hatsan-galatian-4
tss-for-co-lt;tss-fortune-co-ltd-mod-v1-3-vint-4-5mm-der-
glet-ngt-r-bl;pnevmaticheskiy-pistolet-gletcher-ngt-r-black
glet-ngt-r-sil;pnevmaticheskiy-pistolet-gletcher-ngt-r-silver
bor-z122;pnevmaticheskiy-pistolet-borner-z122
stal-sppk;pistolet-pnevmoticheskiy-stalker-sppk-analog-walther-ppk-s-
stal-s17g;pistolet-pnevmoticheskiy-stalker-s17g-analog-glock17-
stal-s92;pistolet-pnevmoticheskiy-stalker-s92-analog-beretta-92-
stal-stt;pistolet-pnevmoticheskiy-stalker-stt-analog-tt-
stal-s-1911-g;pistolet-pnevmoticheskiy-stalker-s1911g-analog-colt-1911-
stal-s84;pistolet-pnevmoticheskiy-stalker-s84-analog-beretta-84-
stal-s-1911-rd;pistolet-pnevmoticheskiy-stalker-s1911rd-analog-colt-1911
stal-s-1911-t;pistolet-pnevmoticheskiy-stalker-s1911t-analog-colt-1911-
stal-s92-pl;pistolet-pnevmoticheskiy-stalker-s92pl-analog-beretta-92-
manok-na-gusya-1;manok-na-gusya
mp-512-44-mur;pnevmaticheskaya-vintovka-mp-512-44-murena
asg-dan-8-sil;pnevmaticheskiy-revolver-asg-dan-wesson-8-silver
um-tdp-45;pnevmaticheskiy-pistolet-umarex-tdp-45
asg-czp-09-d-p;pnevmaticheskiy-pistolet-asg-cz-p-09-duty-pulevoy
mr-654k-28-pm;pnevmaticheskiy-pistolet-mr-654k-28-makarov-pm
mr-651-09-k;pnevmaticheskiy-pistolet-mr-651-09-kornet
mr-661-ks-00;pistolet-izhevsk-mr-661-ks-00-drozd
mr-654k-pmm;pnevmaticheskiy-pistolet-mr-654k-pmm
mp-657-bay;pnevmaticheskiy-pistolet-mp-657-baykal
bor-clt-125;pnevmaticheskiy-pistolet-borner-clt125
glet-sw-r8-sil;pnevmaticheskiy-pistolet-gletcher-sw-r8-silver
glet-glst-51-aps;pnevmaticheskiy-pistolet-gletcher-glst51-blowback-aps
glet-clt-b25-sil;pnevmaticheskiy-revolver-gletcher-clt-b25-silver
glet-glsn-51-aps;pnevmaticheskiy-pistolet-gletcher-glsn51-aps
asg-bp9-17300;pistolet-pnevmaticheskiy-asg-bersa-bp9cc-17300-
asg-sp-01-shad;pistolet-pnevmaticheskiy-asg-cz-sp-01-shadow-
asg-cz-75-blow;pistolet-pnevmaticheskiy-asg-cz-75-blowback-
asg-wess-8-gr;pistolet-pnevmaticheskiy-asg-dan-wesson-8-grey
atam-h115-rb;pnevmaticheskaya-vintovka-ataman-carbine-m2r-h115-rb-5-5
atam-h116-rb;pnevmaticheskaya-vintovka-ataman-carbine-m2r-h116-rb-6-35
atam-214-rb;pnevmaticheskaya-vintovka-ataman-tactical-carbine-type-1-m2r-214-rb-4-5
atam-224-rb;pnevmaticheskaya-vintovka-ataman-tactical-carbine-type-1-m2r-224-rb-4-5
atam-226-rb;pnevmaticheskaya-vintovka-ataman-tactical-carbine-type-1-m2r-226-rb-6-35
atam-266-rb;pnevmaticheskaya-vintovka-ataman-tactical-carbine-type-1-m2r-266-rb-6-35
atam-315-rb;pnevmaticheskaya-vintovka-ataman-tactical-carbine-type-2-m2r-315-rb-5-5
atam-316-rb;pnevmaticheskaya-vintovka-ataman-tactical-carbine-type-2-m2r-316-rb-6-35
atam-334-rb;pnevmaticheskaya-vintovka-ataman-tactical-carbine-type-2-m2r-334-rb-4-5
atam-415-rb;pnevmaticheskaya-vintovka-ataman-bullpup-m2r-415-rb-5-5
atam-416-rb;pnevmaticheskaya-vintovka-ataman-bullpup-m2r-416-rb-6-35
atam-425-rb;pnevmaticheskaya-vintovka-ataman-bullpup-m2r-425-rb-5-5
atam-h426-rb;pnevmaticheskaya-vintovka-ataman-bullpup-m2r-h426-rb-6-35
atam-ft-1514-rb;pnevmaticheskaya-vintovka-ataman-m2r-ft-1514-rb-4-5
atam-156-rb;pnevmaticheskaya-vintovka-ataman-carbine-m2r-156-rb-6-35
ataman-435c-rb;pnevmaticheskaya-vintovka-ataman-bullpup-m2r-435c-rb-5-5
atam-466c-rb;pnevmaticheskaya-vintovka-ataman-bullpup-m2r-466c-rb-6-35
atam-816-rb;pnevmaticheskaya-vintovka-ataman-bullpup-m2r-816-rb-6-35
atam-725-rb;pnevmaticheskaya-vintovka-ataman-ultra-c-m2r-725-rb-5-5
atam-735-rb;pnevmaticheskaya-vintovka-ataman-ultra-c-m2r-735-rb-5-5
atam-745-rb;pnevmaticheskaya-vintovka-ataman-ultra-c-m2r-745-rb-5-5
atam-745x-rb;pnevmaticheskaya-vintovka-ataman-ultra-c-m2r-745x-rb-limited-edition-5-5
atam-244-rb;pnevmaticheskaya-vintovka-ataman-tactical-carbine-type-1-m2r-244-rb-4-5
atam-245-rb;pnevmaticheskaya-vintovka-ataman-tactical-carbine-type-1-m2r-245-rb-5-5-
atam-246-rb;pnevmaticheskaya-vintovka-ataman-tactical-carbine-type-1-m2r-246-rb-6-35
atam-344-rb;pnevmaticheskaya-vintovka-ataman-tactical-carbine-type-2-m2r-344-rb-4-5
atam-345-rb;pnevmaticheskaya-vintovka-ataman-tactical-carbine-type-2-m2r-345-rb-5-5
atam-346-rb;pnevmaticheskaya-vintovka-ataman-tactical-carbine-type-2-m2r-346-rb-6-35
atam-444-rb;pnevmaticheskaya-vintovka-ataman-bullpup-m2r-444-rb-4-5
atam-445-rb;pnevmaticheskaya-vintovka-ataman-bullpup-m2r-445-rb-5-5
atam-446-rb;pnevmaticheskaya-vintovka-ataman-bullpup-m2r-446-rb-6-35
atam-445c-rb;pnevmaticheskaya-vintovka-ataman-bullpup-m2r-445c-rb-5-5
atam-446c-rb;pnevmaticheskaya-vintovka-ataman-bullpup-m2r-446c-rb-6-35
atam-ml15-c15-rb;pnevmaticheskaya-vintovka-ataman-carbine-ml15-c15-rb-5-5
atam-886-rb;pnevmaticheskaya-vintovka-ataman-bullpup-m2r-886-rb-6-35
atam-436c-rb;pnevmaticheskaya-vintovka-ataman-bullpup-m2r-436c-rb-6-35
atam-436-rb;pnevmaticheskaya-vintovka-ataman-bullpup-m2r-436-rb-6-35
d-340-n-tec;pnevmaticheskaya-vintovka-diana-340-n-tec-classic
d-340-n-tec-cla;pnevmaticheskaya-vintovka-diana-340-n-tec-classic-professional-bez-optiki
d-340-n-tec-pro;pnevmaticheskaya-vintovka-diana-340-n-tec-classic-professional-s-optikoy
d-340-n-com;pnevmaticheskaya-vintovka-diana-340-n-tec-classic-compact
d-340-n-t-lux;pnevmaticheskaya-vintovka-diana-340-n-tec-luxus
d-340-n-pre;pnevmaticheskaya-vintovka-diana-340-n-tec-premium
asg-d-w-25-bl;pnevmaticheskiy-pistolet-asg-dan-wesson-2-5-black
mr-654-k;pnevmaticheskiy-pistolet-mr-654k
coli-so-to;colibri-soft-touch-kal-5-5
ap16-bcw-55;ataman-air-pistol-ap16-b-c-w-5-5
ap16-bcm-55;ataman-air-pistol-ap16-b-c-m-5-5
ap16-bsw-55;ataman-air-pistol-ap16-b-s-w-5-5
ap16-bsm-55;ataman-air-pistol-ap16-b-s-m-5-5
atam-646-rb-sl;ataman-tactical-carbine-type-4-m2r-646-rb-sl
atam-515c-rb;ataman-tactical-carbine-type-3-m2r-515c-rb
ap16-bcw-45;pnevmaticheskiy-pistolet-ataman-air-pistol-ap16-b-c-w-4-5
ap16-bcm-45;pnevmaticheskiy-pistolet-ataman-air-pistol-ap16-b-c-m-4-5
ap16-bsw-45;pnevmaticheskiy-pistolet-ataman-air-pistol-ap16-b-s-w-4-5
ap16-bsm-45;pnevmaticheskiy-pistolet-ataman-air-pistol-ap16-b-s-m-4-5
eva-max-ml;evanix-max-ml-shb-black-synthetic
ap16-bcw-55;ataman-air-pistol-ap16-bcw-5-5
atam-615-rb;ataman-615-rb-5-5mm
atam-616c-rb;ataman-616c-rb
glet-ngt-f-nag;gletcher-ngt-f-nagan
atam-416-sl;ataman-m2r-416-sl
atam-715-sl;ataman-m2r-715-sl
ed-les;edgun-leshiy-5-5
edg-lhiy;edgun-leshiy-6-35
atam-316-sl;ataman-m2r-316-sl
atam-116-sl;ataman-m2r-116-sl
atam-416c-sl;ataman-m2r-416c-sl
g-d-fox-gt-3;gamo-delta-fox-gt-3j
glet-tar92;gletcher-tar92
atam-336-rb-sl;ataman-336-rb-sl
asg-cz-75d-pod;pnevmaticheskiy-pistolet-asg-cz-75-d-compact-podvizhnyy-plastikovyy-zatvor
atam-116x-rb;ataman-116x-rb
atam-216-rb-sl;ataman-216-rb-sl
atam-616-rb-sl;ataman-616-rb-sl
g-b-bear;pnevmaticheskaya-vintovka-gamo-black-bear-plastik
atam-826-sl;ataman-826-sl
mr-661k-02;mr-661k-02-s-uskoritelem
atam-725-sl;ataman-725-sl
atam-816-sl;ataman-816-sl
atam-115-sl;ataman-carbine-115-sl
g-big-cat-cf-3;gamo-big-cat-cf-3-j
atam-415-sl;ataman-m2r-415-sl
atam-626c-sl;ataman-m2r-626c-sl
ed-sta-plas;edgun-5-5-mm-standart-plast
atam-m-1614-sl;ataman-1614-sl-4-5
edg-mata;edgun-6-35-standart-soft-touch
edg-mat-pla;edgun-6-35-standart-plastik
asg-m11-gnb;asg-ingram-m11-gnb
cros-p-1377;crosman-p1377
ap16-ssm-5;ataman-ap16-ssm-silver-5-5
asg-dan-wes-6;asg-dan-wesson-6
asg-x9-clas;asg-x9-classic
stal-s92-me-ber;pnevmaticheskiy-pistolet-stalker-s92me-beretta-92
ocel-5-5;ocelot-5-5
cyb-sa-941;cybergun-sa-941
cyb-tan-lim-cust;cybergun-tanfoglio-limited-custom
cyb-t-gold-c-eric;cybergun-tanfoglio-gold-custom-eric
cyb-pm;cybergun-pm-makarov
atam-scm-s-55;ataman-s-c-m-silver-5-5
mr-654k-20;mr-654k-20-derevo
atam-116c-rb;ataman-m2r-116c-rb
atam-815-sl;ataman-m2r-815-sl
atam-426-sl;ataman-m2r-426-sl
asg-dan-25-pul;asg-dan-wesson-25-silver-pul
asg-dan-715-6s;asg-dan-wesson-715-6-silver
asg-715-6st-g-p;asg-715-6-steel-grey-pul
asg-d-wes-8p;asg-dan-wesson-8-pulevoy
eva-h-m-ar4;evanix-hunting-master-ar4-shb
ev-sni-k-shb;evanix-sniper-k-shb
eva-s-x2;evanix-sniper-x2-shb
eva-sni-x2k;evanix-sniper-x2k-shb
eve-sp-shb;evanix-speed-shb-black
atam-216-rb;ataman-216-rb-6-35
atam-215-rb;ataman-215-rb-5-5
atam-626-sl;ataman-626-sl-6-35
mr-661k-04;mr-661k-04-drozd
g-cfx-igt-3;gamo-cfx-igt-combo-3-dzh
asg-cz-09-fde;asg-cz-p-09-dt-fde
asg-dan-715-4;asg-dan-wesson-715-4-silver
atam-886-sl;ataman-bullpup-m2r-886-sl
atam-1484-rb-sl;ataman-m2-1484-rb-sl-4-5-bez-dioptrich
c-cst8m22xkt-3;pnevmaticheskaya-vintovka-crosman-cst8m22xkt-3j
glet-ngt-r;gletcher-ngt-r
atam-na17_51w;ataman_maestro_na17_51w_5_5
atam_na17_51p;ataman_maestro_na17_51p
atam-826c-sl;ataman-bullpup-826c-sl
atam-435-sl;ataman-bullpup-m2r-435-sl
um-nxg-apx;pnevmaticheskaya-vintovka-umarex-nxg-apx
atam-516-sl;pnevmaticheskaya-vintovka-ataman-tactical-carbine-type-3-m2r-516-sl-6-35-magazin-v-komplekte
cros-inf;inferno
cros-v-cop;pnevmaticheskaya-vintovka-crosman-vantage-copperhead
glet-ngt-r-sil;gletcher-ngt-r-silver
mr-512-20;vintovka-mr-512-20
mr-61-knop;vintovka-mr-61-s-knopkoy
swis-1911-m-rail-pist;pnevmaticheskiy-pistolet-swiss-arms-sa1911-military-rail-pistol
swis-sa-1911-ssp;swiss-arms-sa1911-ssp
ed-lel;pnevmaticheskaya-vintovka-edgun-lelya-6-35-mm
edg-les-lon;vintovka-edgun-leshiy-long-6-35
atam-625-sl;vintovka-ataman-625-sl-5-5
ed-les-long;pnevmaticheskaya-vintovka-edgun-leshiy-long-5-5-mm
atam-125-rb;pnevmaticheskaya-vintovka-ataman-carbine-m2r-125-rb-5-5
g_p_1911;g_p1911
g_p_2022;g_p2022
mr-60-plast;vintovka-mr-60-s-plast
swis-ar-prot-mini-uzi;swiss-arms-protector-mini-uzi
g-cfx-igt;gamo-cfx-igt
ap16-scw-55-k;ap16-scw-55-komp
ap16-scm-s-k;ap16-scm-silver-komp
ap16-ssm-s-55-k;ap16-ssm-silver-55-komp
ap16-bsw-55-k;ap16-bsw-55-komp
ap16-bsm-55-k;ap16-bsm-55-komp
ap16-bcw-55-k;ap16-bcw-55-komp
g-sha-x-3;gamo-shadow-x-3j
d-350-n-tec-m;pnevmaticheskaya-vintovka-diana-350-n-tec-magnum-classic
asg-sch-6;a-schofield-18911
asg-sch-6-st;asg-schofield-18912
mr-512-47;pnevmaticheskaya-vintovka-mr-512-47
sm-110-n-08-ar;sm-110-n-08-arb
sm-125-n-07-ar;sm-125-n-07-arboreal
OLD_CODE;NEW_CODE
OLD_CODE;NEW_CODE
OLD_CODE;NEW_CODE
OLD_CODE;NEW_CODE
OLD_CODE;NEW_CODE
OLD_CODE;NEW_CODE
OLD_CODE;NEW_CODE
OLD_CODE;NEW_CODE
OLD_CODE;NEW_CODE
OLD_CODE;NEW_CODE
OLD_CODE;NEW_CODE
OLD_CODE;NEW_CODE
OLD_CODE;NEW_CODE
OLD_CODE;NEW_CODE
OLD_CODE;NEW_CODE
OLD_CODE;NEW_CODE
OLD_CODE;NEW_CODE
OLD_CODE;NEW_CODE
